{
  "blogs_details": "blogs details",
  "Search_products": "Search products",
  "products": "products",
  "Product": "Product",
  "Somethings_went_wrong": "Somethings went wrong",
  "Become_seller": "Become seller",
  "Cart": "Cart",
  "Checkout": "Checkout",
  "FAQ": "FAQ",
  "Forgot_password": "Forgot password",
  "Login": "Login",
  "Privacy_Policy": "Privacy Policy",
  "Product_Compaire": "Product Compaire",
  "Signup": "Signup",
  "Term_and_Conditions": "Terms and Conditions",
  "home": "home",
  "About_us": "About us",
  "Contact_Us": "Contact Us",
  "Customers_Feedback": "Customers Feedback",
  "My_Latest_News": "My Latest News",
  "Shop_Now": "Shop Now",
  "Showing": "Showing",
  "results": "results",
  "View_by": "View by",
  "Product_categories": "Product categories",
  "Price_Range": "Price Range",
  "Price": "Price",
  "Brands": "Brands",
  "Send": "Send",
  "Reset_Password": "Reset Password",
  "OTP": "OTP",
  "Email_Address": "Email Address",
  "Email": "Email",
  "New_Password": "New Password",
  "Confirm_Password": "Confirm Password",
  "Reset": "Reset",
  "Please_verify_your_account__If_you_didnt_get_OTP__please_resend_your_OTP_and_verify": "Please verify your account. If you didnt get OTP, please resend your OTP and verify",
  "Send_OTP": "Send OTP",
  "Login_Successfully": "Login Successfully",
  "Invalid_Credentials": "Invalid Credentials",
  "Log_In": "Log In",
  "Password": "Password",
  "Remember_Me": "Remember Me",
  "Dontt_have_an_account": "Dont't have an account",
  "sign_up_free": "sign up free",
  "dashboard": "dashboard",
  "profile": "profile",
  "Your_Dashboard": "Your Dashboard",
  "Switch_Dashboard": "Switch Dashboard",
  "Dashboard": "Dashboard",
  "Personal_Info": "Personal Info",
  "Order": "Order",
  "Wishlist": "Wishlist",
  "Address": "Address",
  "Reviews": "Reviews",
  "Change_Password": "Change Password",
  "Logout": "Logout",
  "Add_New_Address": "Add New Address",
  "First_Name": "First Name",
  "Demo_Name": "Demo Name",
  "Last_Name": "Last Name",
  "Phone_Number": "Phone Number",
  "phone": "phone",
  "Country": "Country",
  "Select": "Select",
  "State": "State",
  "City": "City",
  "your_address_here": "your address here",
  "Office": "Office",
  "Save_Address": "Save Address",
  "Name": "Name",
  "Hello": "Hello",
  "Welcome_to_your_Profile": "Welcome to your Profile",
  "New_Orders": "New Orders",
  "Delivery_Completed": "Delivery Completed",
  "Total_Orders": "Total Orders",
  "Personal_Information": "Personal Information",
  "Date": "Date",
  "Amount": "Amount",
  "Action": "Action",
  "View_Details": "View Details",
  "Old_Password": "Old Password",
  "Re_enter_Password": "Re-enter Password",
  "Update_Password": "Update Password",
  "Cancel": "Cancel",
  "Read_Only": "Read Only",
  "Update_Profile": "Update Profile",
  "Profile_of_at_least_Size": "Profile of at least Size",
  "Max_5mb": "Max 5mb",
  "Pending_review": "Pending review",
  "Clear_wishlist": "Clear wishlist",
  "Clean_Wishlist": "Clean Wishlist",
  "View_Cards": "View Cards",
  "Verify_You": "Verify You",
  "Verify": "Verify",
  "Create_Account": "Create Account",
  "in_ecoShop": "in ecoShop",
  "Already_have_an_Account": "Already have an Account",
  "Congratulation_Your_seller_request_successfully_delivered": "Congratulation Your seller request successfully delivered",
  "Please_Login_First": "Please Login First",
  "Seller_Information": "Seller Information",
  "Fill_the_form_below_or_write_us_We_will_help_you_as_soon_as_possible": "Fill the form below or write us We will help you as soon as possible",
  "Shop_Information": "Shop Information",
  "Shop_Name": "Business Name",
  "Your_address_Here": "Your address Here",
  "I_agree_all_terms_and_condition_in_ecoShop": "I agree all terms and condition in ecoShop",
  "Create_Seller_Account": "Create Seller Account",
  "Update_Logo": "Update Logo",
  "Gifs_work_too": "Gifs work too",
  "Update_Cover": "Update Cover",
  "Cover_of_at_least_Size": "Cover of at least Size",
  "blogs": "blog",
  "By_Admin": "By Admin",
  "Search": "Search",
  "Latest_Post": "Latest Post",
  "Categories": "Categories",
  "Our_Newsletter": "Our Newsletter",
  "Follow_our_newsletter_to_stay_updated_about_us": "Follow our newsletter to stay updated about us",
  "Subscribe": "Subscribe",
  "Message": "Message",
  "Submit_Review": "Submit Review",
  "Comments": "Comments",
  "Blog_Not_Found": "Blog Not Found",
  "Remove_from_Cart": "Remove from Cart",
  "No_items_found": "No items found",
  "View_Cart": "View Cart",
  "Checkout_Now": "Checkout Now",
  "Get_Return_within": "Get Return within 30 days",
  "cart": "cart",
  "Clear_Cart": "Clear Cart",
  "Update_Cart": "Update Cart",
  "Proceed_to_Checkout": "Proceed to Checkout",
  "checkout": "checkout",
  "Addresses": "Addresses",
  "Billing_Address": "Billing Address",
  "Shipping_Address": "Shipping Address",
  "Add_New": "Add New",
  "Selected": "Selected",
  "Add_new_address": "Add new address",
  "Apply_Coupon": "Apply Coupon",
  "Order_Summary": "Order Summary",
  "total": "total",
  "SUBTOTAL": "SUBTOTAL",
  "Shipping": "Shipping",
  "Cash_On_Delivery": "Cash On Delivery",
  "Transaction_Information": "Transaction Information",
  "Place_Order_Now": "Place Order Now",
  "Get_In_Touch": "Get In Touch",
  "Send_Now": "Send Now",
  "Back_to_Shop": "Back to Shop",
  "Empty_You_dont_Cart_any_Products": "Empty! You don't Cart any Products",
  "Empty_You_dont_Wishlist_any_Products": "Empty! You don't Wishlist any Products",
  "Frequently_asked_questions": "Frequently asked questions",
  "Have_Any_Qustion": "Have Any Qustion",
  "Days": "Days",
  "Hours": "Hours",
  "Minutes": "Minutes",
  "Seconds": "Seconds",
  "Sorry_We_cantt_Find_that_page": "Sorry! We cant't Find that page!",
  "Add_To_Cart": "Add To Cart",
  "Item_added": "Item added",
  "Go_To_Cart": "Go To Cart",
  "Select_One": "Date in required",
  "Get_the_Coupon": "Get the Coupon",
  "View_More": "View More",
  "OFF": "OFF",
  "Main_Menu": "Main Menu",
  "About": "About",
  "Contact": "Contact",
  "Delivered_on": "Delivered on",
  "Your_order_is_declined": "Your order is declined",
  "Pending": "Pending",
  "Progress": "Progress",
  "Delivered": "Delivered",
  "Order_ID": "Order ID",
  "Type": "Type",
  "Print_PDF": "Print PDF",
  "quantity": "quantity",
  "review": "review",
  "Shipping_Cost": "Shipping Cost",
  "Write_Your_Reviews": "Write Your Reviews",
  "Contact_Info": "Contact Info",
  "Hi": "Hi",
  "Settings": "Settings",
  "Sign_Out": "Sign Out",
  "All_Categories": "All Categories",
  "Shop": "Shop",
  "Sellers": "Sellers",
  "Pages": "Pages",
  "Seller_Login": "Seller Login",
  "Account": "My Account",
  "Track_Order": "Track Order",
  "Support": "Support",
  "compare": "compare",
  "Product_Comparison": "Product Comparison",
  "Select_products_to_see_the_differences_and_similarities_between_them": "Select products to see the differences and similarities between them",
  "Star_Rating": "Star Rating",
  "Availability": "Availability",
  "In_Stock": "In Stock",
  "Out_of_Stock": "Out of Stock",
  "Specification": "Specification",
  "Your_Compare_List_Is_Empty": "Your Compare List Is Empty",
  "Store_Open": "Store Open",
  "Description": "Description",
  "Seller_Info": "Seller Info",
  "Introduction": "Introduction",
  "Related_Product": "Related Product",
  "Report_Products": "Report Products",
  "Enter_Report_Ttile": "Enter Report Ttile",
  "Enter_Report_Note": "Enter Report Note",
  "Submit_Report": "Submit Report",
  "Report_This_Item": "Report This Item",
  "Share_This": "Share This",
  "View_Shop": "View Shop",
  "Track_Your_Order": "Track Your Order",
  "Enter_your_order_tracking_number_and_your_secret_id": "Enter your order tracking number and your secret id",
  "Track_Now": "Track Now",
  "wishlist": "wishlist",
  "Update_address": "Update address",
  "Our_blogs": "Our blogs",
  "Show_more": "Show more",
  "leave_a_comment": "leave a comment",
  "Write_something": "Write something",
  "Your_cart": "Your cart",
  "Something_missing": "Something missing",
  "Select_your_payment_system": "Select your payment system",
  "Discount_code": "Discount code",
  "Apply": "Apply",
  "Bank_Payment": "Bank Payment",
  "Subject": "Subject",
  "Seller_terms_and_conditions": "Seller terms and conditions",
  "Completed": "Completed",
  "Declined": "Declined",
  "Delivered_On": "Delivered On",
  "Total_Paid": "Total Paid",
  "of": "of",
  "Products_Available": "Products Available",
  "Products_not_Available": "Products not Available",
  "SKU": "SKU",
  "order_number": "order number",
  "order_tracking_nubmer": "order tracking nubmer",
  "Invalid_data": "Invalid data",
  "Delivery_Date": "Delivery Date",
  "Accept_All": "Accept All",
  "Deny": "Deny",
  "Read_more": "Read more",
  "category": "category",
  "Coupon_Applied": "Coupon Applied",
  "Discount_coupon": "Discount coupon",
  "Your_total_price_not_able_to_apply_coupon": "Your total price not able to apply coupon",
  "Please_Select_Your_Payment_Method": "Please Select Your Payment Method",
  "Please_Select_Shipping_Rule": "Please Select Shipping Rule",
  "Enabled_Location": "Enabled Location",
  "Not_Now": "Not Now",
  "Choose_Product": "Choose Product",
  "Make_Your_Payment": "Make Your Payment",
  "Fast_Delivery": "Fast Delivery",
  "on_boarding_subtitle": "Topcommerce is a online store. Its has  50k+ Products. you can buy every into a products in easy way.",
  "next": "Next",
  "see_all": "See all",
  "See_all_Reviews": "See all Reviews",
  "Confirm_Email": "Enter Confirm Email",
  "Password_dosent_match": "Password dosen't match",
  "I_Consent_to_the_Privacy_Policy": "I Consent to the Privacy Policy",
  "Continue_as_Guest": "Continue as Guest",
  "username_or_email": "Username or email",
  "Sale_Over": "Sale Over",
  "Yes_Exit": "Yes, Exit",
  "You_Want_to_Exit_from_Application": "You Want to Exit from Application",
  "Are_You_Sure": "Are You Sure",
  "Total_Price": "Total Price",
  "Product_Details": "Product Details",
  "Select_Location": "Select Location",
  "SignIn_with_Social": "SignIn with Social",
  "Mobile_Electronics": "Mobile,Electronics",
  "Tags": "Tags",
  "Beer__Former": "Beer, Former",
  "Please_wait_a_moment": "Please wait a moment",
  "Item_Added_Successfully": "Item Added Successfully",
  "Items_in_your_cart": "Items in your Cart",
  "Item_in_your_cart": "Item in your Cart",
  "Remove_Successfully": "Remove Successfully",
  "Order_Amount": "Order Amount",
  "Total_Amount": "Total Amount",
  "Something_went_wrong": "Something went wrong!",
  "Total": "Total",
  "Please_agree_terms_condition": "Please agree terms condition",
  "Please_add_new_location_or_press_exiting_location": "Please add new location or press exiting location",
  "Delivery_Location": "Delivery Location",
  "Add": "Add",
  "No_Address": "No Address",
  "Loading": "Loading...",
  "Bill_Details": "Bill Details",
  "promo_code": "promo code",
  "Place_Order": "Place Order",
  "fees": "Fees",
  "free_shipping": "Free Shipping",
  "home_delivery_free_shipping": "Home Delivery Free Shipping",
  "shipping_rules_based_on_qty_6_10": "Shipping Rules Based on qty(6-10)",
  "home_delivery": "Home Delivery",
  "Pay_With_Stripe": "Pay With Stripe",
  "Pay_With_Paypal": "Pay With Paypal",
  "Pay_With_Razorpay": "Pay With Razorpay",
  "Pay_with_Flutter_wave": "Pay with Flutter-wave",
  "Pay_With_Mollie": "Pay With Mollie",
  "Pay_With_InstaMojo": "Pay With InstaMojo",
  "Pay_With_PayStack": "Pay With PayStack",
  "Pay_with_Ssl_commerce": "Pay with Ssl-commerce",
  "Please_add_new_location_or_select_exiting_location": "Please add new location or select exiting location",
  "Please_enter_bank_information": "Please enter bank information",
  "Sign_In_please": "Sign-In please",
  "Order_No": "Order No",
  "Tracking_number": "Tracking number",
  "Active": "Active",
  "Single_Order": "Single Order",
  "What_is_your_Rate": "What is your Rate",
  "Please_write_something": "Please write something.",
  "Other": "Other",
  "Offers": "Offers",
  "Items_in_Your_Cart": "Items in Your Cart",
  "swipe_right_to_delete_any_item": "Swipe Right to Delete Any Item",
  "My_Offers": "My Offers",
  "filter": "Filter",
  "Size": "Size",
  "Find_Product": "Find Product",
  "All_Popular_Product": "All Popular Product",
  "wishlist_added_successfully": "Wishlist Added Successfully",
  "app_info": "App Info",
  "Edit_Profile": "Edit Profile",
  "Your_zip_code": "Your zip-code",
  "Your_address": "Your address",
  "Send_Us_A_Message": "Send Us A Message",
  "Enter_valid_email": "Enter valid email",
  "Verification_Code": "Verification Code",
  "Enter_Code": "Enter Code",
  "I_dont_received_a_code": "I don’t received a code",
  "Resend": "Resend",
  "ecoshop": "EcoShop",
  "Buy_groceries_and_feed_yourself": "Buy groceries and feed yourself",
  "Version": "Version",
  "Developed_By": "Developed By",
  "Dismiss": "Dismiss",
  "Confirmation": "Confirmation",
  "you_wish_to_delete_this_address": "you wish to delete this address?",
  "delete": "delete",
  "ZipCode": "ZipCode",
  "field_required": "field required",
  "Enter_valid": "Enter valid",
  "No_Category": "No Category",
  "All_Seller": "All Seller",
  "New_Arrival": "New Arrival",
  "Best_Selling": "Best Selling",
  "Discount_Products": "Discount Products",
  "Highest_Price": "Highest Price",
  "Low_Price": "Low Price",
  "Free_Delivery": "Free Delivery",
  "California": "California",
  "Victoria": "Victoria",
  "Toronto": "Toronto",
  "Date_in_required": "Date in required",
  "MOBILE_APP_VERSION": "MOBILE APP VERSION",
  "Get_Our": "Get Our",
  "Mobile_App": "Mobile App",
  "Its_Make_easy_for_you_life": "It's Make easy for you life!",
  "Features": "Features",
  "Reports_Headline_here": "Reports Headline here",
  "Type_Here": "Type Here",
  "Product_from_Shop": "Product from Shop",
  "Dispure_Order":"Dispure Order",
  "Upload_Video":"Upload video",
  "Upload_Images":"Upload Images",
  "Product_name":"Product_name",
  "Product_qty" :"Product quantity"
}