{
  "products": [
    {
      "id": "62aefe9ad8b80d5234af625a",
      "image": "product-img-1.jpg",
      "brand": "xioami",
      "review": 3,
      "title": "Xoggle aute et pariatur adipisicing nostrud et excepteur",
      "offer_price": "$18.73",
      "price": "$27.27",
      "campaingn_product": false,
      "cam_product_available": null,
      "cam_product_sale": null,
      "product_type": null
    },
    {
      "id": "62aefe9a17780a9e549646c2",
      "image": "product-img-2.jpg",
      "brand": "apple",
      "review": 5,
      "title": "Geeky ipsum esse repreh est consequat",
      "offer_price": "$17.79",
      "price": "$24.55",
      "campaingn_product": true,
      "cam_product_available": 20,
      "cam_product_sale": 10,
      "product_type": null
    },
    {
      "id": "62aefe9af9a0e865ee49c99e",
      "image": "product-img-3.jpg",
      "brand": "apple",
      "review": 5,
      "title": "Conjurica ea magna eiusmod esse cupt anim aliquip",
      "offer_price": "$18.03",
      "price": "$32.63",
      "campaingn_product": false,
      "cam_product_available": null,
      "cam_product_sale": null,
      "product_type": "popular"
    },
    {
      "id": "62aefe9a6e662e77accd4cc4",
      "image": "product-img-4.jpg",
      "brand": "google",
      "review": 5,
      "title": "Senmei ipsum dolore eiusmod dolor officia do nisi",
      "offer_price": "$27.61",
      "price": "$20.64",
      "campaingn_product": true,
      "cam_product_available": 48,
      "cam_product_sale": 12,
      "product_type": null
    },
    {
      "id": "62aefe9a9e1c4b69e47fa40f",
      "image": "product-img-5.jpg",
      "brand": "xioami",
      "review": 5,
      "title": "Canopoly duis voluptate dolor sunt sit adipisicing in",
      "offer_price": "$10.42",
      "price": "$39.27",
      "campaingn_product": true,
      "cam_product_available": 12,
      "cam_product_sale": 8,
      "product_type": null
    },
    {
      "id": "62aefe9aa96283a41a9b46fc",
      "image": "product-img-6.jpg",
      "brand": "xioami",
      "review": 5,
      "title": "Unisure aliqua repreh ex cupt qui elit officia",
      "offer_price": "$16.43",
      "price": "$36.90",
      "campaingn_product": false,
      "cam_product_available": null,
      "cam_product_sale": null,
      "product_type": null
    },
    {
      "id": "62aefe9aa2577bc8fa4ea7bc",
      "image": "product-img-7.jpg",
      "brand": "xioami",
      "review": 5,
      "title": "Kenegy consectetur id ex nulla in adipisicing deserunt",
      "offer_price": "$11.92",
      "price": "$26.62",
      "campaingn_product": false,
      "cam_product_available": null,
      "cam_product_sale": null,
      "product_type": "new"
    },
    {
      "id": "62aefe9aa117932437d0da93",
      "image": "product-img-8.jpg",
      "brand": "samsung",
      "review": 5,
      "title": "Bizmatic consequat enim quis sit et est eiusmod",
      "offer_price": "$21.93",
      "price": "$26.38",
      "campaingn_product": true,
      "cam_product_available": 19,
      "cam_product_sale": 10,
      "product_type": null
    },
    {
      "id": "62aefe9a93cc2c0e16ddb207",
      "image": "product-img-9.jpg",
      "brand": "apple",
      "review": 5,
      "title": "Anarco consectetur magna nostrud commodo tempor aliqua laborum",
      "offer_price": "$22.13",
      "price": "$32.61",
      "campaingn_product": false,
      "cam_product_available": null,
      "cam_product_sale": null,
      "product_type": null
    },
    {
      "id": "62aefe9a39099843b144dc3a",
      "image": "product-img-10.jpg",
      "brand": "samsung",
      "review": 5,
      "title": "Plasto cillum ad minim elit fugiat esse dolore",
      "offer_price": "$26.50",
      "price": "$26.83",
      "campaingn_product": true,
      "cam_product_available": 19,
      "cam_product_sale": 10,
      "product_type": null
    },
    {
      "id": "62aefe9af9a0e865ee49c999999e",
      "image": "product-img-1.jpg",
      "brand": "apple",
      "review": 5,
      "title": "Conjurica ea magna eiusmod esse cupt anim aliquip",
      "offer_price": "$18.03",
      "price": "$32.63",
      "campaingn_product": false,
      "cam_product_available": null,
      "cam_product_sale": null,
      "product_type": "popular"
    },
    {
      "id": "62aefe9a9a52d2ee3301918a",
      "image": "product-img-2.jpg",
      "brand": "google",
      "review": 5,
      "title": "Empirica deserunt laborum ad quis labore labore eu",
      "offer_price": "$29.14",
      "price": "$26.87",
      "campaingn_product": true,
      "cam_product_available": 25,
      "cam_product_sale": 10,
      "product_type": null
    },
    {
      "id": "62aefe9ad1e0cfc12838c3c4",
      "image": "product-img-3.jpg",
      "brand": "google",
      "review": 5,
      "title": "Bluplanet consequat non sunt in dolor eiusmod cillum",
      "offer_price": "$25.32",
      "price": "$31.07",
      "campaingn_product": true,
      "cam_product_available": 16,
      "cam_product_sale": 9,
      "product_type": null
    },
    {
      "id": "62aefe9a05ca1ea50003e072",
      "image": "product-img-4.jpg",
      "brand": "google",
      "review": 5,
      "title": "Comvoy irure occaecat aliquip do commodo in",
      "offer_price": "$18.97",
      "price": "$20.54",
      "campaingn_product": false,
      "cam_product_available": null,
      "cam_product_sale": null,
      "product_type": null
    },
    {
      "id": "62aefe9a369487a7db38e327",
      "image": "product-img-5.jpg",
      "brand": "xioami",
      "review": 5,
      "title": "Zizzle ad proident do enim nisi quis",
      "offer_price": "$14.15",
      "price": "$26.17",
      "campaingn_product": false,
      "cam_product_available": null,
      "cam_product_sale": null,
      "product_type": null
    },
    {
      "id": "62aefe9ab5a58ec7eba5e003",
      "image": "product-img-16.jpg",
      "brand": "xioami",
      "review": 5,
      "title": "Quintity consequat ad sit non tempor consequat",
      "offer_price": "$11.37",
      "price": "$27.57",
      "campaingn_product": false,
      "cam_product_available": null,
      "cam_product_sale": null,
      "product_type": "popular"
    },
    {
      "id": "62aefe9acd2d5e4c13d5937c",
      "image": "product-img-17.jpg",
      "brand": "google",
      "review": 5,
      "title": "Musaphics consequat consectetur aliquip nulla deserunt non ea",
      "offer_price": "$10.99",
      "price": "$25.25",
      "campaingn_product": false,
      "cam_product_available": null,
      "cam_product_sale": null,
      "product_type": "new"
    },
    {
      "id": "62aefe9aa06338a7636fde5c",
      "image": "product-img-18.jpg",
      "brand": "xioami",
      "review": 5,
      "title": "Zoxy quis amet ipsum eiusmod cupt veniam nulla",
      "offer_price": "$25.53",
      "price": "$31.24",
      "campaingn_product": false,
      "cam_product_available": null,
      "cam_product_sale": null,
      "product_type": "popular"
    },
    {
      "id": "62aefe9ac47bcd0a2ea95630",
      "image": "product-img-19.jpg",
      "brand": "xioami",
      "review": 5,
      "title": "Geofarm nulla tempor ea et id adipisicing ea",
      "offer_price": "$20.72",
      "price": "$22.97",
      "campaingn_product": true,
      "cam_product_available": 10,
      "cam_product_sale": 8,
      "product_type": null
    },
    {
      "id": "62aefe9ae487b5c3e1fff5ae",
      "image": "product-img-20.jpg",
      "brand": "xioami",
      "review": 5,
      "title": "Callflex dolore eiusmod voluptate proident aute incididunt anim",
      "offer_price": "$18.74",
      "price": "$34.99",
      "campaingn_product": true,
      "cam_product_available": 18,
      "cam_product_sale": 10,
      "product_type": null
    }
  ]
}
